{
    "possidon-eth": {
      "0x310c367309d9230C2fA269571d43b6F81A827086": 18001.168,
      "0xAB61727CD7f1AE39D999A87E043D92F0B30De9E6": 1810.22,
      "0x0E3ab7A2b56452089DcF44F4455eC4a2887E868D": 19494.115,
      "0x596883F5C571F38cacf61233CaE55aeC5Ea6c3B1": 100011.7249,
      "0xB08A763DdE62F2590fff52099BeA090750425385": 0.0002,
      "0xE1B8a4D858Aa371C6e307E3A57C0A4c486A13F59": 76796.97553,
      "0xa6C20f2c528BAB703F96E2725cB8E2b8E3c26432": 12966.4039,
      "0xC26604CdbbB3f2e093EEC06Cc12118a28E6270f1": 6021.332,
      "0xD463235632AcB27d49A6F34c8abE5055bf0b7A9A": 20133.46618,
      "0xAc83c3450F757c058a5E70E54A6267922a595EF7": 102185.5499,
      "0x0Af397c582f050D5d3C0c3D6dCd790Fbf9C63F3c": 114242.185,
      "0x7aad57F96ef946cC7d251f19C1bcE49928f35d56": 30000,
      "0x49daA2D213ee4A5894f06241C02a9F946B36Fb03": 9665,
      "0xEeb1a103767526FAfBE48dce9Ee943997638CEd6": 241963.6067,
      "0x4e050387Ecd75b3F01Cfc0c7Adf1488ECAb67a4f": 7868.565,
      "0x27EcD09082f2c086Fb5f3C645A4d4DF202A7c8B7": 99207.67,
      "0x1f52e80105204bC4266770690A6f2e64eeD2f032": 20000,
      "0x3D6C9F63F7E73EB7a06C7D8cfC8Add3Df8ED56Fe": 48485.88,
      "0xC4d8bFEDa813402883780691373C8acF5Be4B1D6": 3566,
      "0x9B4350fbF57922C7326839aFb0f64F129Da4465c": 53930,
      "0x2d9f610E8d99F21f7e30593E17633FCF171B09f1": 32126,
      "0xFD3BB19D548b9248C5691fCAD7c2F82C57f8f21c": 72612.101,
      "0xA89F905c8939949805DDfE7e0867A346D581F9eF": 25207.494,
      "0xf6B10A54B659C4C35A6d3Cd4BB37a68bC15dC845": 46137.19693,
      "0x8A324379C09a89B46725c4EBeb6a9fc8522c0BFd": 109456.4171,
      "0x4B77496FDabe85060c5e5ae5A249BDBB32213FA7": 24673.74599,
      "0x418B5d44c42C1BE3bd631Bf3A30F2B86b580a5dd": 9000,
      "0x09Cac55B2E164992d30ff4725a7ffEf24Fefd7C4": 3953.853,
      "0x988A199F631DCe65697F894E979734c6Cc065083": 39912.839,
      "0x8d0FBCf93737B956e501eDC6a39fEFd9536e53E2": 39820,
      "0x3fd3421fd3bb062046C30B4D2359242282953B3f": 2860.91,
      "0x074915756dE0000aC7b99Bf95E3319A18d69d1ac": 4570,
      "0x2757e5dEf55047101CF11455eECf08c36E115a3F": 2353.087,
      "0x74566D9Dc4eec5cD8CC6Aab21a3195FdF15db97D": 7467.85573,
      "0x2cBc97FD9129E2c165029690d6fBeeeF163e7c16": 50304.25792,
      "0x650aBE51bb0e431d2c4282c3C150369Dc9B1e097": 3556.657,
      "0xd4dC2Eae7F57Ffd7991a052971633B9c9191E35b": 92919.199,
      "0xe40Ef3ebe456dfE51f97Ad4f13Bbd50e2d148700": 2572.58,
      "0x1d01EcfE38B64a18C230DA4d653b90eb80E50fFF": 2154.19,
      "0xDd59d70df6c393A052e9f948747a3cDCE38F8b7C": 17737.96,
      "0xFa29445e2eF4DDEFb955278cDC8d9fc6e166C182": 44160.33
    },
  "ares-eth": {
      "0xB08A763DdE62F2590fff52099BeA090750425385": 267474,
      "0xA08a836F8F9b0Ec6B8791e0281992A80c44179DB": 99571.507,
      "0xE1B8a4D858Aa371C6e307E3A57C0A4c486A13F59": 26868,
      "0x94233A404364830d10C49C92ADF6c1BeF7383F8b": 80000,
      "0x58Bf68b84FC3Cc0CA1D4Ad93f5E20378d181397F": 142247.5103,
      "0x8d933Df949ef05a3422fB97Dca519181858dc6C1": 41064,
      "0x8D16962461f3900a4D4873F9677a2A936Df41c40": 211572.2019,
      "0x1D85c5D87a8788C3924B767b472047AE66A72C68": 170269.3803,
      "0xd4Ee4ad59e8A8EbfF7895f7F116a775d7874F58F": 31860.23028,
      "0x3A2144AA13c95af8B9D50Ef60d2B3A63AcBDAaad": 146437.3893,
      "0x82743e5a32381695832454B92c089bccc9463302": 7950.80319,
      "0x1f52e80105204bC4266770690A6f2e64eeD2f032": 10774.326,
      "0xABA985F18a6F16D9b1b08c370A6312051920A519": 6652.50584,
      "0xFD3BB19D548b9248C5691fCAD7c2F82C57f8f21c": 31274.12756,
      "0x4fEDCfA8D2d40D5039CC63b0C84847dbbe741828": 74497.11642,
      "0xF81505796c104D503eFBb5006d143F2a951D565d": 30175,
      "0x8A324379C09a89B46725c4EBeb6a9fc8522c0BFd": 68395.504,
      "0x663a8D3A6dB23EFD7AB398e42Ff2facd9601ca5e": 107171.066,
      "0x182D45bfC6161276710F29C6a957BFBb16F375d7": 15101.375,
      "0xa509C2DA9824Bc4c99d1f297557d2EAF8B41A222": 40112,
      "0xfEe0d8C955977BDF26Fc28116c3844f913E798e4": 9761.88,
      "0x418B5d44c42C1BE3bd631Bf3A30F2B86b580a5dd": 8450,
      "0xc3629d18310575D7f265fD27eb079A6556A4420c": 45815.71011,
      "0x8d0FBCf93737B956e501eDC6a39fEFd9536e53E2": 119652.054,
      "0x3fd3421fd3bb062046C30B4D2359242282953B3f": 3374,
      "0x3E80a9a1B236bbbf97fA1bB9BB4057dcc86b9112": 70643.77904,
      "0x37888977154E26DAc30d03394a6c95B8C8833af1": 6772.901,
      "0x3aF143049Ce0FD256fe385f54745eb8FDeB85C3E": 8966.054,
      "0xbC85d3C70Ad45cB7Eb98596B1F682612A28a9409": 850000.5363,
      "0xafFA49daE44324A45849f47336B113458103D86d": 3423.4233,
      "0x8e89B2958347DF54AC8EfE0A0183AA3c6Aa9c66c": 30423.721,
      "0xc61f7b5c7C9092d9Bce3546E7E7F643466eF39Df": 5248.117,
      "0x3061c308e0757f86d56dAd4B13Eb67D0984d6222": 6179.673,
      "0x650aBE51bb0e431d2c4282c3C150369Dc9B1e097": 13142.767,
      "0x76bC6a9Fe1DCf0e637C1822a0ddE306988D87587": 8193.14105
    },
  "ares-bsc": {
      "0x884960C54702492d3DB7f266782AEf29239c1eA1": 11879.67521,
      "0x2cAFe9CBA9da5a49E3FF28eB63958c2583CD552A": 33563.71,
      "0xB7c97cA9Ca7c8679935B9C1e53a984b0F6364acf": 31790,
      "0xEb54b04b7329a8F1f32e6bA1E2419732bcB14647": 800000.3521,
      "0x7AE85B25b2Db88B3fC2000fA5326efD7abc4E1C0": 200000,
      "0x46a6B768f76668D2Afd63A99e71d1Cf5718f97c5": 79591,
      "0x2624FfA81b5d7bAacceEe3eEd7B49de18Be6EE16": 25000,
      "0xA08a836F8F9b0Ec6B8791e0281992A80c44179DB": 42149.646,
      "0x708C05507Beb059951D7e374AC268280f4A7f10e": 1015.64337,
      "0x6DfDcD9c7771c141a12c411C9150FEda69dAC249": 12523.47112,
      "0x6656f99558A55728C02742ade8Df278d22e6cFE9": 2275,
      "0xDbCB60f3caf3883248F1ecB25be1c109Dc40e51f": 2686.15561,
      "0xf86e9dF54219E29c4F3cb825A21985B6Da2223DF": 2295.963,
      "0x972f0A9E96DA7Ed8de78947cF6b77F70ED909DDb": 23066.77939,
      "0xab565be08d6725AEd7502d718fcCCdc9C5a290dC": 2230.86,
      "0xE614ef91773902ab32EEEBF25249F661890c6bF9": 4036.7,
      "0xC50fa1a8f520357c022f300f2ABb134DF892598A": 21.80707302,
      "0x8870F8e7c31953B014c10c833C0Ae5B211BD8a9D": 16835,
      "0x403088433fe43B003cAd4f36354BF1469bf472A2": 14141.59469,
      "0x7aad57F96ef946cC7d251f19C1bcE49928f35d56": 70000,
      "0xA853d79fB80E3d790D570D31bF4bB110b9e53702": 1306.23557,
      "0xcd210bFF8da862b11452A14b3a80b83384874a86": 2116.83674,
      "0x303ED1b8664E7b941b9122a733f2433A7589a753": 2883.673,
      "0xe1162C767372225a65E9E23218c6840c82D3eBF9": 3352.067,
      "0xC7F3A66f240B174cD4687854BC5cB90b592A58d2": 8843.04499,
      "0x2080CEf7CEF7d98BD82FadC6E85DE156386109b9": 20000,
      "0x1a3C6afF26dF590C6a62f1392E98B02a845115Ba": 35013.92841,
      "0x7127c5A1938cBD2586744597c686f2808EBA8129": 11035.86,
      "0x67feBDE3328a11E0215244Ceed900eD69Fc1Db78": 1059,
      "0x3C55861bF6F384930Ce058fED67133bd290D9340": 23131.247,
      "0x3D6C9F63F7E73EB7a06C7D8cfC8Add3Df8ED56Fe": 29712,
      "0x4D8b78c7Ed7256188d05F5108428256da7610168": 3390.33727,
      "0xD0797211902638dad874432Ac221CFeCD9446F7F": 66536.55834,
      "0xAf7d6087A1e56b785200Bb3E1f2A95d93a20B561": 8074.899,
      "0x85a2A10159b512C670e8242A6D6Aa091aBC5dF8E": 10442.298,
      "0x844537A0f3E4af855574A98D2334a497c4B7c027": 5315.744352,
      "0xAff1832EFee9d6BC5D8528103F8d94295fC05209": 4687.09175,
      "0x7A5070D2B12891d5c7Daae4B1c614c71B12E6815": 6914.286,
      "0xCE6feb366B514ecfF40372200830C53142115e90": 10826.458,
      "0xf4A1818e017201C922A6725C0A1E1AAA29b7500a": 68956,
      "0x48d3B3bd03Ff6189471B1368ACbFaf000266F9b0": 25730.94236,
      "0x6F598d85408f560e82e3EdD263F1a4E4b37D3247": 227363.2,
      "0x42329d092Ca63cbbF0CCeb868A00fef8fac31AA3": 2728.63122,
      "0xF1D61496C22df4EC443f5677Bb2A060AeffA3A67": 13044.07391,
      "0x16D73BC41541391012cE5Ac4389B95b595C011Aa": 32452.82469,
      "0x7713dC80cA3b83A2Dc5B926d95b2d38bFee08DA6": 7253,
      "0x5b7c757edcFb429ebe88bAE4096c25e3150EAcCa": 10200.7808,
      "0xA3161394346e21237AA108ACbD9e0BD12318fda3": 1176.11143,
      "0xF06C9d1C50B24EEc2C7C6eB866889C0dA7a38768": 9479.550306,
      "0x290bffA7e25aD2eb6C3B0D14aEe270a23DbFb9a1": 23935.45243,
      "0x9d6fC67FB9463Db2370005cAC9C56Df98653C15b": 30668.41058,