{
  "ssip-uno-eth-submitted":{
    "0xB08A763DdE62F2590fff52099BeA090750425385": 267474,
    "0xA08a836F8F9b0Ec6B8791e0281992A80c44179DB": 99571.507,
    "0xE1B8a4D858Aa371C6e307E3A57C0A4c486A13F59": 26868,
    "0x94233A404364830d10C49C92ADF6c1BeF7383F8b": 80000,
    "0x58Bf68b84FC3Cc0CA1D4Ad93f5E20378d181397F": 142247.5103,
    "0x8d933Df949ef05a3422fB97Dca519181858dc6C1": 41064,
    "0x8D16962461f3900a4D4873F9677a2A936Df41c40": 211572.2019,
    "0x1D85c5D87a8788C3924B767b472047AE66A72C68": 170269.3803,
    "0xd4Ee4ad59e8A8EbfF7895f7F116a775d7874F58F": 31860.23028,
    "0x3A2144AA13c95af8B9D50Ef60d2B3A63AcBDAaad": 146437.3893,
    "0x82743e5a32381695832454B92c089bccc9463302": 7950.80319,
    "0x1f52e80105204bC4266770690A6f2e64eeD2f032": 10774.326,
    "0xABA985F18a6F16D9b1b08c370A6312051920A519": 6652.50584,
    "0xFD3BB19D548b9248C5691fCAD7c2F82C57f8f21c": 31274.12756,
    "0x4fEDCfA8D2d40D5039CC63b0C84847dbbe741828": 74497.11642,
    "0xF81505796c104D503eFBb5006d143F2a951D565d": 30175,
    "0x8A324379C09a89B46725c4EBeb6a9fc8522c0BFd": 68395.504,
    "0x663a8D3A6dB23EFD7AB398e42Ff2facd9601ca5e": 107171.066,
    "0x182D45bfC6161276710F29C6a957BFBb16F375d7": 15101.375,
    "0xa509C2DA9824Bc4c99d1f297557d2EAF8B41A222": 40112,
    "0xfEe0d8C955977BDF26Fc28116c3844f913E798e4": 9761.88,
    "0x418B5d44c42C1BE3bd631Bf3A30F2B86b580a5dd": 8450,
    "0xc3629d18310575D7f265fD27eb079A6556A4420c": 45815.71011,
    "0x8d0FBCf93737B956e501eDC6a39fEFd9536e53E2": 119652.054,
    "0x3fd3421fd3bb062046C30B4D2359242282953B3f": 3374,
    "0x3E80a9a1B236bbbf97fA1bB9BB4057dcc86b9112": 70643.77904,
    "0x37888977154E26DAc30d03394a6c95B8C8833af1": 6772.901,
    "0x3aF143049Ce0FD256fe385f54745eb8FDeB85C3E": 8966.054,
    "0xbC85d3C70Ad45cB7Eb98596B1F682612A28a9409": 850000.5363,
    "0xafFA49daE44324A45849f47336B113458103D86d": 3423.4233,
    "0x8e89B2958347DF54AC8EfE0A0183AA3c6Aa9c66c": 30423.721,
    "0xc61f7b5c7C9092d9Bce3546E7E7F643466eF39Df": 5248.117,
    "0x3061c308e0757f86d56dAd4B13Eb67D0984d6222": 6179.673,
    "0x650aBE51bb0e431d2c4282c3C150369Dc9B1e097": 13142.767,
    "0x76bC6a9Fe1DCf0e637C1822a0ddE306988D87587": 8193.14105,
    "0x364740993F095012bc2850433400878C3D8324BB": 39953.135,
    "0x8b024b96Acc017CB1777c122Ad2EE71f1914150c": 5227.029,
    "0xf177fda1fa68d71231d5e64783320ddd6f407182": 8262.151,
    "0x984f39758F14934f84A94D660747513044385746": 13936.05553
  },
  "ssip-uno-eth-nonsubmitted":{
    "0x91a14c8bb15dbb07397855dfa9b5565b0e209ada": 4311230.469,
    "0xe34a30f442052d02bd1ecc1a5819f3b4e6937b02": 210000,
    "0xbb221bf0e4d29179ad7c3c6dc973d21b5c258fbd": 110000,
    "0x712b6fa3df5d4fb3548368b73057e8f6159d6361": 53810.854,
    "0x3e63cefed8e22f91c5102c202c6b09da8cd40185": 50000,
    "0xf7fba8a566df2cbc5ab0e46ed7b1d213fa07b7e8": 27500,
    "0x6e0f74ce1630529e766f6ce0d6b5d8d655a897bf": 25200,
    "0x616428aeaa952e8ef1a2d6b0910694001e525dc5": 24176.655,
    "0x4526fc507dc781dea33cb96e0e864e1644026bf9": 21002,
    "0xf24432be80fa9501289dfbd84fe6144dffb2dac7": 19822.313,
    "0xc042ea82ad9975c8bd9ced98b2d42b7fad84e79a": 19658.803,
    "0x199a0be4a2b68c494ac4d42dcda9e73ce84ffaaa": 14918.54732,
    "0x3bc09fb3b61633280e7b7b2acbecd3fcb5ed98cb": 14807,
    "0x50a3c110fc546fa9a6a3762aa97cffdfa106ef53": 14358.759,
    "0xa5f4c0c0e2e5accaca04720747a43fef6dc6359e": 12000,
    "0x158978091df36cc658c31e365d0860425a81b7b7": 11743.13,
    "0x6ec54a0af77f1b18269b20f8c46043a285fbfd35": 11732.148,
    "0xb338b3177b1668eb4c921c5971853712ae1f7219": 10900,
    "0xa577f85be3aea05493a78cdf0fc5c4dbb3b7a525": 10500,
    "0x4f26ed391f6a510ae4cec11d83a40153d325e926": 9971.326,
    "0x5a122752b4eb3f3ebc5d1ba957803931483418fd": 8468.26,
    "0xbfd62552f91aa7df5080f1e8c8c03c1ec7f99f6d": 8464.049,
    "0x853409c20252a178e663074370c80ed08f445c63": 6880.59,
    "0x051ab69c6bf08f52c0fc465a61029d393ad7c567": 6034.86678,
    "0x440841ec9b22fd14c293572ba2aacf1abef53123": 5388.52854,
    "0xc27006affa2bb48de0cf77ecf4cf9835640cf6f2": 5098.217,
    "0x022a849d1ffa248f037725bc0686c5e43aa8e0f1": 4752.002,
    "0xd7c109283921488b53157378a411c783ee807ef5": 3764.664,
    "0xf2b3e9d704fad844a3a95377a0a6cc997f25d837": 3311.894,
    "0x6c2d0962df5471d5a51333794320b5c77d28fbf6": 3213.421,
    "0x5b35925b8c90eb5ebe58ebe7b52a349d9837fbff": 2916.149,
    "0x7b9fb21cb6382c82c110245df1894e0a68f0d293": 2500,
    "0x0f681c02dd9d9f0a38179f8ffd41d0684d74093f": 2320.622,
    "0xee2e4c46be875a1fd3810d8762c74d215f398f1a": 2083.01,
    "0x8c98704fc3e96af11e82294ae312012d98191f65": 1643.84,
    "0xeab514cfd3c033ef85efe44e282bebbcb8544945": 896.24094,
    "0x910a77366d72391315a6a0b19bae2dc363beaafa": 486.61,
    "0x9563b54ae8a926dbbd90156d5029cdad544fa474": 350,
    "0x86820006b88947ca38fead21ddfb65c69f98be07": 50,
    "0x372f1ba5ff303068a996851ccaf171286bc4a5d4": 10,
    "0x38b6490ac993ecc52389b056809db2e998bee8a9": 1.114,
    "0xa8420a80137210cc43ba3510f930024e3303875a": 0.05394,
    "0xd2f479a79a85ade26ba9d034a2d651d0fd4ff8ab": 0.00018
  }
}